iso2c,year,ILFR_BP6_USD,ILD_BP6_USD,ILP_BP6_USD,ILOFR_BP6_USD
AR,2003,146066.851308457,48262,30455.7092003487,67349.1421081078
AR,2004,152035.901135607,52507.30940653,36121.658631693,63406.9330973837
AR,2005,145021.521462289,55138.7737976541,33793.956016436,54256.6675826809
AR,2006,171534.329133718,59882.2138642833,60727.2351739571,45602.2600485446
AR,2007,185896.680330545,66225.687649805,64812.0559705358,50217.5003650581
AR,2008,158077.559985426,75235.0828839151,24977.7821410818,56687.0780527752
AR,2009,181753.988477193,78205.1500544424,44738.3137464626,56527.6151936841
AR,2010,200892.766355951,85590.5803837417,51261.9421565442,57371.1746511405
AR,2011,207266.097047035,92294.9971385118,41080.5446628144,69085.016626419
AR,2012,206611.385841354,98705.6189769957,39536.7630342125,65681.8203458274
AR,2013,200950.380235933,88337.6597442163,45984.0235639639,63040.1653721488
AR,2014,213653.47331426,89715.9336691272,58248.3840397261,62918.1733706968
AR,2015,215739.769684171,79773.0058810413,59460.7727881392,72914.2803899344
AR,2016,244152.813386706,74868.3456643209,100183.52888288,66119.4457031415
AR,2017,320264.484498243,80699.6051695779,156535.161420051,79578.4079086139
AR,2018,312496.832506309,72572.9489409408,113159.955884283,125465.253802066
AR,2019,284466.984923381,70458.4071877901,71821.2161350606,141633.215721399
BR,2003,404242.040125774,132818.120547525,165439.632723439,105859.54285481
BR,2004,443508.208222885,161258.874270976,184162.799027272,97766.8089246373
BR,2005,481765.00545889,181344.348687708,231891.147922881,68310.413048301
BR,2006,603953.512450692,220620.858063297,304241.796035784,78646.2501939872
BR,2007,890400.097406017,309667.992671851,482796.452006337,96164.3575480181
BR,2008,665309.970417465,287696.891189861,264694.043760467,110468.943740136
BR,2009,1034934.66619271,400807.737951259,522703.973806615,108010.303722105
BR,2010,1485388.14595129,682345.93685926,646495.103445597,152766.05809692
BR,2011,1470928.96531013,695504.729281694,584765.466506317,185980.781383188
BR,2012,1533867.94467968,731175.091585349,603941.483917094,195723.480750037
BR,2013,1483653.53201377,724780.774578862,554298.30495872,198278.812520583
BR,2014,1528633.87381657,725871.613577817,526379.775196434,238398.468487465
BR,2015,1183041.73795551,568226.28357612,365605.512826653,236990.75939206
BR,2016,1396299.88080133,703328.33922522,463560.737748832,229160.748309368
BR,2017,1523085.3829876,767757.07366353,536179.535969478,218898.717836683
BR,2018,1470876.96155267,737894.34046815,495869.065681852,236863.499884761
BR,2019,1624401.1192374,819518.864297233,570104.672714277,234527.526707976
CL,2003,98845.6159118615,55031.0780573562,14632.1856042849,28960.0143929904
CL,2004,110504.921973977,65646.8251714632,16192.4936389257,27969.3851453312
CL,2005,127875.187985097,78991.1380681483,17984.7193117187,29529.4553792945
CL,2006,141799.208399503,85092.4889179187,19821.6149516057,32784.6211054902
CL,2007,173790.739412617,109086.384040415,19962.2670460237,39043.8521774141
CL,2008,176330.893694671,106100.369997804,20014.6158631053,45816.3523743084
CL,2009,216857.266242845,132709.587815523,27593.9141534777,51121.6564186789
CL,2010,267500.365061966,165700.322006583,42670.4267752534,52825.2378611656
CL,2011,292059.258567534,180567.696928723,48302.5073024561,57988.4249908651
CL,2012,342603.849219118,213616.595694421,62013.9371273048,61782.7449451519
CL,2013,354964.098851152,223097.130925149,67937.1528335314,58940.6080274618
CL,2014,371955.730850612,233101.480246367,76997.6141910649,55812.7424237881
CL,2015,371232.151384394,239455.484052965,73522.1794485332,51635.0950024782
CL,2016,391071.360830625,254937.650894568,79312.0008274311,52461.3938801712
CL,2017,438583.111593724,278017.469735321,102477.777292138,53992.3716851245
CL,2018,433036.472465841,273300.531926194,95841.2583950454,57632.6859404906
CL,2019,446000.389874931,273017.158521045,105808.599235464,58193.3693151415
CO,2003,59266.2229515555,20540.304716642,12951.6298355868,25762.1856593267
CO,2004,65702.5130071975,24883.2885453638,14750.2153144418,26069.009147392
CO,2005,77156.919195635,36986.5593458094,14719.3675461723,25450.9923036533
CO,2006,87468.8694719186,45405.6832436711,16068.5210023628,25994.6652258847
CO,2007,104896.647454471,56463.4953569129,18585.3588185411,29847.7932790171
CO,2008,116217.59485991,67266.211270913,16715.998947979,32161.3384312055
CO,2009,131298.398096956,75986.0621543275,21773.8217961025,33538.5141465261
CO,2010,152465.014367604,82990.630891502,25488.8818232866,43985.5016528158
CO,2011,178805.863992568,97378.7516406739,33757.2954859026,47659.723298382
CO,2012,200747.267418867,112949.361538774,42303.2765539167,45484.101057571
CO,2013,231359.11429799,128212.875504915,52448.4144601045,50687.8822447991
CO,2014,258296.31190542,141810.499722147,63160.1626374113,53313.9100814595
CO,2015,268882.471340412,149174.471792468,62316.2783749087,57389.8839229207
CO,2016,297274.228244538,164521.495294935,74959.7070756122,57719.3639416708
CO,2017,320576.533651551,179564.338520169,84534.2555815521,56473.0852778524
CO,2018,334620.797074059,189293.588649379,80322.4978223282,65001.701085874
CO,2019,354845.304667948,205710.558648108,82126.8087926177,67006.0376673062
CZ,2003,80485.2381694862,45286.6453574491,8716.78490683714,25723.7078038512
CZ,2004,108935.524256651,59765.4370668455,17036.396154706,30711.513525598
CZ,2005,114722.466243696,64991.8252806247,17805.6775662925,30628.8433382138
CZ,2006,149244.922398927,86628.7123970109,23375.838283196,37492.7668135658
CZ,2007,207313.917468747,123441.365195265,30774.5325810377,50098.6281668326
CZ,2008,214984.647989248,125452.806781764,26263.5686963713,54656.5698335573
CZ,2009,237900.921381327,141660.06097561,35574.6951219512,54129.9065729642
CZ,2010,248511.760116816,148114.127246547,41641.6724441363,52952.1099648243
CZ,2011,240625.398694437,140782.497492477,40112.6379137412,52710.2031076765
CZ,2012,265202.622587642,159136.184728418,45515.9275780635,54989.8700292585
CZ,2013,273047.140755384,159458.630742938,49217.1508997688,60087.1528193227
CZ,2014,251051.879683824,145999.562056582,43802.0933695367,57047.8506043812
CZ,2015,245089.325966595,140299.991943281,49726.7160812117,51791.3884867371
CZ,2016,257770.171981107,145857.326728812,52654.7837279145,56251.7040221378
CZ,2017,360811.312930386,185613.075947584,71191.4423934996,100872.747339291
CZ,2018,358891.159481286,190001.646933143,64954.9096412356,97432.9559737636
CZ,2019,363715.325928576,198392.865036913,69303.5674815437,90283.6031930648
EG,2004,56763.0909565282,23506.3,2530.1,30726.6909565282
EG,2005,62997.1715033016,28881.9,6058.2,28057.0715033016
EG,2006,72573.7843211236,38924.7,6062.7,27586.3843211236
EG,2007,84943.793651195,50502.8,4032,30408.993651195
EG,2008,94588.2596021176,59997.4,4432.9,30157.9596021176
EG,2009,102438.595266358,66709,4108.2,31621.3952663585
EG,2010,123261.147863356,73094.6,18241.1,31925.4478633558
EG,2011,110390.063216259,72611.9,6526,31252.1632162591
EG,2012,120226.149315763,79492.6,4574,36159.5493157633
EG,2013,132292.915901107,85045,7611.3,39636.6159011074
EG,2014,131147.382307483,87881.9,5526.3,37739.1823074828
EG,2015,143938.712920552,94266.4,5390.6,44281.7129205519
EG,2016,175318.718837045,102324,5711.1,67283.6188370455
EG,2017,219487.558708794,109677.1,29686.1,80124.3587087944
EG,2018,235988.856001613,117728.3,27651.8,90608.7560016133
EG,2019,269988.759841362,126639.1,39654,103695.659841362
HU,2003,109878.662947287,53051.9800884956,29501.2778953444,24747.8486918045
HU,2004,156623.318411049,67160.8491874203,48163.0711631261,37973.0111283377
HU,2005,160936.443257224,66849.4606236539,51358.3284951774,40608.3348201049
HU,2006,308419.690050762,182916.833811711,70266.4238336343,52572.1243999896
HU,2007,418320.618240038,262837.157435838,77760.1820114709,74038.1956573373
HU,2008,473422.094167456,315529.310846845,58547.7230032585,92989.1601814152
HU,2009,494366.648388841,318863.246616947,62038.7110860201,109173.742732246
HU,2010,447135.85518902,279755.399444572,56806.2381347592,104735.757473303
HU,2011,430172.529202512,278127.19563521,52194.0210334506,93874.3225454729
HU,2012,443141.331522137,296253.449196975,63135.6335038284,78772.5943725586
HU,2013,437838.98027248,297112.720534371,68638.8309519627,66634.9063839534
HU,2014,394010.450502414,274074.716162666,60662.976076829,55065.9818115133
HU,2015,371365.819392634,268235.192684448,53883.8836001584,46933.8264558104
HU,2016,415755.097167056,316941.358547454,52105.2813186663,44803.3136867318
HU,2017,426747.549262505,316357.808250902,58192.6134000433,50297.7646150345
HU,2018,353501.094721968,248679.2848482,53303.6672731587,49487.5049526273
HU,2019,380347.717592031,273475.669776018,55123.8158654272,49496.70016573
ID,2003,163468.081157836,11096.2,23297.253667427,129042.55578338
ID,2004,174580.337257411,16794.68,25732.3288443541,132013.434225759
ID,2005,189486.39226869,44862.507412584,34591.6988876227,109988.95066838199
ID,2006,219880.128700618,62766.785914,56161.5249775588,100929.35289771
ID,2007,274067.797417655,86910.2930334113,71421.2277419393,115713.811730955
ID,2008,236157.789317272,79937.5475953017,45347.9044346527,110650.907698276
ID,2009,329973.269318344,121625,95640.956,112629.313318344
ID,2010,441042.795016704,173356.25924965,146148.465860768,121481.367826247
ID,2011,485124.89438534,198597.857756148,152782.264324294,133657.676624314
ID,2012,548480.203990104,227218.71668611,178393.409222659,142773.300252896
ID,2013,561722.618918899,251186.765046427,161974.612381726,148425.190829932
ID,2014,585881.065574461,229602.848747278,204793.077253792,151363.113256032
ID,2015,589267.536083051,234048.917506527,201249.641328045,153878.263924045
ID,2016,634323.140130381,261003.157888885,227037.053491947,146148.928489682
ID,2017,661717.761153426,242215.559531598,270390.59130705,149044.434622688
ID,2018,663747.168485374,234147.062440891,266986.888469328,162491.077963298
ID,2019,712162.535629603,242777.994445546,298838.809387346,170338.527012626
IL,2003,117514.147791774,22652.6,43641.8,51219.747791774
IL,2004,130763.677850389,24876.3,52905,52982.3778503895
IL,2005,146515.416693823,30811,64008.8,51695.6166938227
IL,2006,165363.108183946,43372,65578.9,56412.2081839462
IL,2007,193655.075194529,49089,83134,61432.0751945286
IL,2008,175077.023072314,48248,67550.2,59278.8230723141
IL,2009,212428.875142856,56253,92286.4,63889.4751428558
IL,2010,232261.444424766,60086,105114.2,67061.2444247662
IL,2011,220483.931630161,64842,87739,67902.9316301606
IL,2012,222418.892808137,75805,84167.9,62445.9928081371
IL,2013,248494.012998517,86531,99799.5,62163.512998517
IL,2014,267052.953411356,89619,122340,55093.9534113563
IL,2015,279694.43435628,99313,131424.7,48956.7343562796
IL,2016,269776.56323871,107295,111162.5,51319.0632387103
IL,2017,289038.659590049,127161,112188.5,49689.1595900487
IL,2018,302290.905162618,143971,108952.2,49367.7051626183
IL,2019,336736.368125594,164838,118311.7,53586.6681255938
IN,2003,176773.316627904,36374.4238570332,41613.7309505537,98785.1618203176
IN,2004,211785.922056292,44668.5534013996,55906.5527130894,111210.815941803
IN,2005,242641.77214598,51835.9902363253,63621.6398535449,127184.142056109
IN,2006,292349.086121492,70870.2836478698,74178.9558142163,147299.846659405
IN,2007,411622.275816448,105790.485855639,122598.985157935,183232.804802874
IN,2008,426108.921900381,125211.65191302,91602.6630338004,209294.60695356
IN,2009,517770.596339458,171217.89895369,117085.453930764,229467.243455004
IN,2010,637701.842377847,205580.172195006,166979.954987914,265141.715194926
IN,2011,661056.064423692,206353.824016438,161054.237625086,293648.002782169
IN,2012,746851.442060988,224987.493008345,185788.577762706,336075.371289937
IN,2013,783707.565931968,226548.835040044,179669.3585197,377489.372372225
IN,2014,854505.189959008,253120.03194006,215143.21274377801,386241.94527517
IN,2015,899757.208892491,282617.808681015,225245.281449258,391894.118762219
IN,2016,910455.718169018,318322.197197149,221079.590477592,371053.930494277
IN,2017,1040984.67402519,377246.67838079,267446.068721291,396291.926923109
IN,2018,1039750.66274808,386171.860213536,245893.694374319,407685.108160222
IN,2019,1128325.52770062,426941.838170129,266696.624713285,434687.064817201
KR,2003,317565.843871339,66069.7,165028.7,85568.7438713388
KR,2004,388196.331621712,87766.4,210313.2,89212.3316217123
KR,2005,512040.309473173,104879.1,310456.3,95385.7094731727
KR,2006,619175.887746346,115773.5,352392.9,148586.187746346
KR,2007,779415.617789802,121956.5,456653.6,195894.517789802
KR,2008,604200.202903254,94721.5,252152.1,182005.502903254
KR,2009,727231.625996385,121933.4,391579.7,181119.625996385
KR,2010,826441.229183042,135499.7,489149.1,174431.529183042
KR,2011,838598.062577128,135178.3,477017.7,197328.962577128
KR,2012,953439.13968819,157876.1,578102.3,186550.03968819
KR,2013,1002065.84364542,180859.7,615574.4,179212.143645424
KR,2014,991734.872324347,179441,591004.1,185456.472324347
KR,2015,939524.613269895,179544.4,550718.5,171440.613269895
KR,2016,964030.672078767,188877,573264.6,169091.872078767
KR,2017,1199928.95275534,229399.4,773912.5,174422.552755344
KR,2018,1110167.58214571,237237.8,666590.3,178521.682145713
KR,2019,1198782.52836825,238553.3,741314.2,189233.028368252
MA,2003,34933.8205185363,17106.149784569,840.089601024012,16987.5811329434
MA,2004,38924.160734468,19883.1059785585,1719.62958005281,17321.4251758567
MA,2005,38452.4721274796,20751.540640474,2037.45107790776,15663.4804090978
MA,2006,49106.3129583728,29938.722417993,2110.2925525625,17057.2979878172
MA,2007,61739.789390032,38613.2603847949,3277.07047658559,19849.4585286515
MA,2008,63459.8965354573,39388.3455582722,3209.9725865007,20861.5783906844
MA,2009,71557.4429377023,42581.0994771059,3663.89740588542,25312.446054711
MA,2010,76412.9108708401,45081.5852768371,3576.29025116969,27755.0353428333
MA,2011,78660.4444256146,44515.9376020147,3245.84946136268,30898.6573622373
MA,2012,82889.3858871956,45620.2881365981,3003.69953162981,34265.3982189678
MA,2013,97677.6462022233,51815.9644688734,7768.13976885137,38035.9143051851
MA,2014,99063.0051366659,51192.0265413326,10594.0984241084,37142.603146066
MA,2015,95549.7897538463,49670.5239196818,10373.3012306046,35455.2463302425
MA,2016,104516.852075529,54784.2223446109,10722.1176703645,38903.9451033434
MA,2017,116533.674026988,63204.8019722386,11801.4148668203,41493.1252301611
MA,2018,115510.453591559,64135.2987298103,10561.3297788929,40783.5182510126
MA,2019,121611.254961198,66676.0957761748,11759.2357086269,43162.5389957225
MX,2003,383280.546474386,157953.534,143580.335787262,81746.676687125
MX,2004,430230.342271395,178794.919,170783.161984707,80652.2612866884
MX,2005,505970.241524731,212373.734,210817.795856634,82778.7116680977
MX,2006,592946.331771044,250373.138,258994.489181098,83578.7045899465
MX,2007,642542.718232806,275392.614,276750.457268518,90399.6469642875
MX,2008,617095.129617436,245651.544,274048.818714157,97394.7669032791
MX,2009,647834.101078049,314033.998,241883.097458505,91917.0056195439
MX,2010,804352.242248499,384933.732,310634.233793307,108784.276455192
MX,2011,796918.37767904,367795.858,316604.107609377,112518.412069663
MX,2012,1004032.81377436,461350.121,438712.083184831,103970.609589527
MX,2013,1095548.66278682,507875.956,480277.85440387,106113.043055013
MX,2014,1103587.38149786,502688.26,491571.629415797,109327.492082067
MX,2015,1055722.10202661,478452.679,469140.011782761,108129.411243847
MX,2016,1035169.48078562,484937.856,446495.538912105,103736.08587351
MX,2017,1142851.97025954,542194.608,498380.146640696,102277.215618845
MX,2018,1160616.95676641,567850.57,483566.750641365,109199.63612505
MX,2019,1252747.53976625,618325.726,521623.258607192,112798.555159056
MY,2003,118810.263157895,44914.2105263158,22821.5789473684,50866.3157894737
MY,2004,142695,46097.1052631579,50938.1578947368,45436.3157894737
MY,2005,139647.08994709,47407.4074074074,46054.2328042328,45868.5185185185
MY,2006,172249.582330454,62012.5159280759,65927.3396573694,43794.3650007079
MY,2007,242150.128534704,88441.9174353546,103207.742325722,49964.5546650537
MY,2008,202230.254158173,87620.9356349365,64349.1510004273,48125.2215387211
MY,2009,230758.401011473,91660.0059386305,84773.6686820996,51786.0032009082
MY,2010,303956.533954078,116883.066446674,128527.782810897,57047.4001687401
MY,2011,346050.692471196,133688.090312027,142199.954481649,68154.1719034467
MY,2012,406587.25344775,151100.93337717,182305.902210212,69609.6508274373
MY,2013,426987.008561319,153816.515098677,188870.484831001,81980.8109842206
MY,2014,420806.70063665,152868.20250079,176669.551367079,88436.5957406409
MY,2015,362131.817182975,134524.675851904,145723.3465749,79269.3804486813
MY,2016,370037.979690459,146145.273735198,141249.570565013,80157.2161912015
MY,2017,425751.036178902,171147.859318395,163627.531865697,89246.0342871393
MY,2018,430588.765914348,182146.145067769,145332.770631149,101130.089826879
MY,2019,445639.688925823,190476.199454028,148451.371054128,103566.086608924
NG,2005,64221.2765522523,26608.45,6946.37596899225,30666.45058326
NG,2006,55202.5442587252,31242.8100101349,9703.18998986513,14256.5442587252
NG,2007,66968.0450053106,37330.172843483,12368.899701614,17268.9724602136
NG,2008,76852.0264655277,45578.18,13702.99,17570.8564655277
NG,2009,88655.5320820746,54227.71,14368.88,20058.9420820746
NG,2010,80260.607720573,50607.3416741787,13901.0482191559,15752.2178272383
NG,2011,92792.4549669308,59301.3581121002,14211.46856003,19279.6282948006
NG,2012,106456.835546111,64940.9724305987,21863.9901429738,19651.8729725379
NG,2013,110319.917808965,72570.6970794277,21181.2927222074,16567.9280073301
NG,2014,119140.073212622,77830.7785529379,15332.7042235679,25976.5904361166
NG,2015,120669.950677666,81216.5156689203,9606.10450565853,29847.3305030873
NG,2016,125001.868884932,84965.0036853298,10519.0835909718,29517.7816086302
NG,2017,156610.396390082,88771.9279296448,27724.1338100349,40114.3346504023
NG,2018,169804.359426018,95163.2411674967,25286.8267253197,49353.6510172516
NG,2019,188182.814549719,98617.5684794404,34257.5902615189,55306.7437416299
PE,2003,46443.830764257,12875.7513068509,9569.77172522286,23998.3077321833
PE,2004,48624.5488921634,13310.4518457804,10963.1519655829,24350.9450808001
PE,2005,51380.9384407941,15889.1712108904,15316.1966647189,20175.5705651848
PE,2006,58562.0679364488,20484.4020280231,17851.1567527961,20226.5091556296
PE,2007,78923.6833055433,26807.7058083376,28780.824575226,23335.1529219797
PE,2008,78638.6854604797,32340.3403619036,19451.0128400923,26847.3322584838
PE,2009,90268.4026720161,34521.2317027623,28693.5077746217,27053.6631946321
PE,2010,115422.350050323,42975.8592906729,41069.5224130291,31376.9683466213
PE,2011,121065.188260281,50658.1203992514,35700.5465958989,34706.5212651299
PE,2012,148498.422283727,64280.6055035617,43468.8430079057,40748.9737722597
PE,2013,157625.428133035,74106.6080475696,46112.5444926997,37406.2755927663
PE,2014,167410.86121573,78036.5509577271,46343.9733005553,43030.3369574475
PE,2015,173264.552144452,86350.5177522449,41264.6872116395,45649.3471805681
PE,2016,187123.006569471,93089.569610425,49600.2020742853,44433.2348847612
PE,2017,201254.335230776,99950.0624299233,63745.2596692657,37559.0131315868
PE,2018,205526.288006255,106437.968710642,61490.3228548639,37597.9964407489
PE,2019,218067.059092499,115329.881157127,68410.7330729805,34326.4448623912
PH,2003,74706.6100086038,12204,21647,40855.6100086038
PH,2004,74727.2858201121,13434,21303,39990.2858201121
PH,2005,81033.494818912,15485,26877,38671.494818912
PH,2006,98224.5414045735,23748.7177273864,36318.3042028169,38157.5194743702
PH,2007,116603.840613437,26965.9270865303,46293.5031904181,43344.410336489
PH,2008,102563.299251468,27852.6011185782,30662.3119849847,43695.0320632463
PH,2009,109166.076583917,29800.492061181,37864.8173264651,41261.0999604098
PH,2010,131620.188744676,30716.026664547,52749.2171228327,47838.4371995202
PH,2011,139024.054845163,33684.039897391,55331.3366942657,49723.1865682367
PH,2012,169841.678952529,45054.7235853067,71635.8011329485,52783.5288509388
PH,2013,172074.66975632,47276.0957519107,73269.937778846,51252.2691817369
PH,2014,188885.264608862,56646.3448908178,81579.3166598417,49985.545896451
PH,2015,183324.129002916,58521.8915187814,72668.072077553,51857.5418816388
PH,2016,189252.490306917,64507.4628505665,74838.3319307931,49696.2012035944
PH,2017,214239.822721668,79016.3151659641,86268.7525198531,48746.9838727114
PH,2018,224687.898093923,83120.9196822312,87632.1608635279,53594.0992639767
PH,2019,233381.329302033,93655.7429698431,84009.6470012228,55407.7189952623
PK,2003,43820.6407518415,7195,542,36083.6407518415
PK,2004,45136.9215467331,7606,1162,36368.9215467331
PK,2005,47111.1506374525,10209,2173,34729.1506374525
PK,2006,55453.0041205567,13682,4064,37707.0041205567
PK,2007,73741.9500056889,25621,6767,41353.9500056889
PK,2008,87223.646480407,31059,6784,49380.646480407
PK,2009,79359.8924471806,17720.1,3548,58034.792447180604
PK,2010,85384.2162827874,19890.8,4487.9,60954.5162827874
PK,2011,86469.7492527094,20988,4216,61224.7492527094
PK,2012,87473.1353864485,23180.6418505564,5233.82975623769,59049.3683626014
PK,2013,88189.1731241483,25147.171117761,6718.92331619161,56314.5513894878
PK,2014,100447.478216411,33192.6101809146,10706.20171172,56532.6423362036
PK,2015,106008.652818266,34426.6513433714,10760.7716334167,60816.831249695
PK,2016,122334.210635346,42073.804436547,13178.3586930073,67077.3499868184
PK,2017,132488.031260446,40867.4676203315,13038.1323758053,78569.2112260884
PK,2018,134118.803794556,34203.8339499523,11290.1946007261,88609.6202492866
PK,2019,145772.859466024,34928.4860224523,10952.6842424254,99884.0919003921
PL,2003,155895,61245,34392,60258
PL,2004,213596,91300,56628,65251
PL,2005,225460,95689,71383,57864
PL,2006,291939,132703,84786,73832
PL,2007,408592,187426,104867,114709
PL,2008,389154,172259,77831,134583
PL,2009,445106.271277872,194493,102099,147130.271277872
PL,2010,523450.190446856,236223,131710,149433.190446856
PL,2011,498786.9687251,216670,126613,148324.9687251
PL,2012,580426.126685233,250796,171155,151394.126685233
PL,2013,617042.144034582,275360,175046,160555.144034582
PL,2014,569554.168536591,252401,163077,145542.168536591
PL,2015,515903.879108864,221905,153232,134174.879108864
PL,2016,520623.868567372,225312,144681,145696.868567373
PL,2017,623741.982041667,283472,183934,152845.982041667
PL,2018,588587.481878681,271365,167792,146060.481878681
PL,2019,589008.089136937,279353,155764,150081.089136937
RO,2003,32296.9353048331,12203.8751671418,4502.6036279234,15590.4565097679
RO,2004,46760.7431783212,20573.3813938733,4831.68451934229,21355.6772651057
RO,2005,58401.8439097804,25905.7854430787,5252.26848574554,27243.7899809562
RO,2006,91518.7221137644,45106.7144415018,6291.47842343044,40120.1397800675
RO,2007,134973.871012222,62486.5657059111,7247.19101123596,65240.1142950754
RO,2008,153017.978464216,66406.0405052572,6210.57088420013,80401.7199080092
RO,2009,172684.375639138,70708.0821497905,7083.54620074248,94892.7472886048
RO,2010,176535.286152784,68971.7584646591,7775.31596192854,99788.2117261966
RO,2011,181868.401481589,70032.9410355464,9728.98511664121,102106.175865442
RO,2012,189967.189316191,76586.4482501862,15977.6619508563,97403.0791151486
RO,2013,198329.528853306,87940.4626585973,23101.5944210623,87285.628512303
RO,2014,174406.590270263,81493.4360420961,25707.3885212108,67199.5272345679
RO,2015,156094.108369123,76147.9856305904,23580.7797092364,56362.4498595874
RO,2016,154361.988045884,80559.8029419283,24158.9013082983,49639.5657188326
RO,2017,183561.76301873,98122.8318129256,30708.2102017217,54635.1280450694
RO,2018,183966.081503559,102051.502356638,33095.5420267086,48781.9691704877
RO,2019,195998.4499409,110017.132932783,40070.8787082238,45899.1728098453
RU,2003,331913.308236808,95675.676815207,93359.4562178715,142847.075203729
RU,2004,416467.796070085,121513.652041079,130698.867418372,164066.676610634
RU,2005,547797.435610104,180170.976816525,166178.896772977,201395.462020602
RU,2006,769810.751555128,265652.72812986,265341.550601195,238638.772824074
RU,2007,1242053.63955453,490595.147567219,366660.304446849,383923.287540465
RU,2008,755887.734966644,214049.01903715,111805.790806082,419636.753407498
RU,2009,984794.982451289,377447.10693715,217125.254754349,385017.827462738
RU,2010,1152738.70493767,488992.866411764,277038.684591737,383866.863534165
RU,2011,1095447.04825771,454949.151419495,225062.1328714,409530.707766815
RU,2012,1238366.64435291,514925.602581277,270724.514771979,448431.654999655
RU,2013,1289112.72659488,565654.219761762,270724.514771979,448449.120061142
RU,2014,964950.31606916,371491.21,156424.3,415505.02606916
RU,2015,838767.950254711,347689.82,141646.9,340186.350254711
RU,2016,1021404.1943302,477670.01,215960.3,321318.8443302
RU,2017,1066440.35820529,529643.81,230154.86,302136.958205292
RU,2018,969191.985196901,497366.15,206909.35,259983.495196901
RU,2019,1154767.53369592,586994.28,302253.32,259787.393695919
TH,2003,121003.790350407,51176,29086,39973.7903504066
TH,2004,134786.465169153,55149,32109,46685.4651691536
TH,2005,147492.96234238,62832.2599957592,39331.9556908498,44727.64674083
TH,2006,178317.383414323,80241.7678098068,45498.3130131542,52010.242568529
TH,2007,218429.205758871,96261.2893208318,63459.855547927,57501.2016750543
TH,2008,191917.130267356,96643.3447505136,33078.1971533941,58094.9018970056
TH,2009,222600.08330567,110069.749184416,53442.416012149,55897.2535563021
TH,2010,304994.311530629,142498.176977444,84591.2322221596,74846.9204496473
TH,2011,325008.698232913,159342.747620791,87450.4792750038,68401.767624415
TH,2012,398030.444541324,180127.937941139,132237.234802096,81322.7882845715
TH,2013,390252.161425373,187343.739464098,114382.89729408,85321.5126834774
TH,2014,426719.684493147,201909.006128083,133765.485268331,87843.3516441953
TH,2015,381775.378938254,188905.584573791,102859.27096908,86969.6109837526
TH,2016,415492.847868673,199623.330802103,126503.509266271,86860.6332202187
TH,2017,498561.771954905,231871.063431485,166363.087946837,97498.7055221885
TH,2018,495357.849225546,239625.241957157,153156.772491458,99768.278181821
TH,2019,543521.125829021,272863.787376014,163763.324910906,102340.868022436
TR,2003,179544.561624377,33239,30024,116281.561624377
TR,2004,214243.981234447,38629,45751,129863.981234447
TR,2005,281886.549632017,71426,72606,137854.549632017
TR,2006,349683.115936845,95526,84410,169747.115936845
TR,2007,483938.643376731,155711,120629,207598.643376731
TR,2008,385767.96354579,81363,68726,235678.96354579
TR,2009,457823.714986609,145792,91018,221013.714986609
TR,2010,546893.417809758,189810,118195,238888.417809758
TR,2011,495539.804873757,138584,109539,247416.804873757
TR,2012,640364.339926182,192522,179452,268390.339926182
TR,2013,625331.846891743,152691,167762,304878.846891743
TR,2014,676657.147895466,184015,191114,301528.147895466
TR,2015,595016.574364539,159267,143795,291954.574364539
TR,2016,583407.222579665,150367,139653,293387.222579665
TR,2017,695467.71734211,198170,173658,323639.71734211
TR,2018,600135.996354735,147040,140717,312378.996354735
TR,2019,599971.462156904,163630,133723,302618.462156904
UA,2003,31426.8821536464,7566,4065,19795.8821536464
UA,2004,40283.3080048205,9606,6386,24291.3080048205
UA,2005,56869.5077451905,17209,9011,30649.5077451905
UA,2006,76942.2443013257,23125,12861,40956.2443013257
UA,2007,117319.252364051,38361,18618,60340.2523640513
UA,2008,146795.040515251,47081,17059,82655.040515251
UA,2009,146128.635700076,45390,15593,85145.6357000757
UA,2010,167098.909715463,52872,20085,94141.9097154632
UA,2011,180538.552579016,59035,21806,99697.5525790163
UA,2012,193386.963216896,65276,26765,101345.963216896
UA,2013,203270.976464193,67204,35956,100110.976464193
UA,2014,170920.477292879,50218,32021,88681.4772928788
UA,2015,158100.728231905,44124,28758,85218.7282319048
UA,2016,154502.405459869,45668,28778,80056.405459869
UA,2017,156904.43219056,45862,30569,80473.4321905605
UA,2018,155226.231847736,44805,32674,77747.2318477362
UA,2019,168580.388450917,52189,38575,77816.3884509173
ZA,2003,126712.388155006,57060.6927710843,46257.078313253,19721.4242995839
ZA,2004,168841.687816437,80278.1527531084,62852.9307282416,22032.2739620853
ZA,2005,207406.020170836,96693.2806324111,82837.3122529644,25834.4786688599
ZA,2006,245991.194359804,106928.981348637,102750.071736011,33308.8414186279
ZA,2007,318788.752119377,131831.130690162,133213.215859031,39858.9430151189
ZA,2008,232906.420789696,83648.7909725954,85668.242880172,37675.2547499321
ZA,2009,324857.108481661,138750.81300813,126519.241192412,39082.0407309832
ZA,2010,424512.825909338,179564.810905362,179783.310211714,41671.5809609096
ZA,2011,380836.728448803,159390.143560648,162989.352687617,40644.1680587704
ZA,2012,431438.863682881,163510.113337607,203401.069267099,48682.1778227329
ZA,2013,408963.640035948,152124.196246848,199130.111488725,47725.9674286183
ZA,2014,426132.714223908,138905.012110405,222365.95443379,54912.6502395197
ZA,2015,356651.20310079,126755.484078482,166047.153425539,51208.1024253316
ZA,2016,401183.334649958,135453.525717146,204650.607075915,53417.7320864645
ZA,2017,523576.112422765,156353.2796,292167.5064,63952.363222765
ZA,2018,445809.084599308,138561.5593744,233189.260970401,67748.9393141063
ZA,2019,466660.01223644,145246.5235585,248669.061823,64939.5226569403
